Step,Screen,Description,User Action,Next Screen,API Endpoint,HTTP Method,Request Body,Response,Note
1,Login Screen,Màn hình đăng nhập,Click "Forgot Password?",Forget Password,-,-,-,-,Entry point
2,Forget Password,Nhập email để reset,"Enter email, Click Submit",Check Email,/api/v1/forget-password,POST,"{""email"": ""user@example.com""}","{""success"": true, ""message"": ""...""}",Luôn trả success để bảo mật
3,Check Email,Thông báo kiểm tra email,Click link trong email,Reset Password,-,-,-,-,User mở email client
4,Check Email,Thông báo kiểm tra email,Click "Resend",Forget Password,-,-,-,-,Optional action
5,Check Email,Thông báo kiểm tra email,Click "Back to Login",Login,-,-,-,-,Optional action
6,Reset Password,Validate token khi load page,-,-,/api/v1/reset-password/validate,GET,?token=xxx,"{""success"": true}",Auto call khi page load
7,Reset Password,Nhập mật khẩu mới,"Enter password, Click Submit",Success,/api/v1/reset-password,POST,"{""token"": ""xxx"", ""newPassword"": ""***""}","{""success"": true}",Validate password match
8,Success,Thông báo đổi MK thành công,Click "Go to Login",Login,-,-,-,-,Flow complete
9,Error,Token hết hạn/không hợp lệ,Click "Request new link",Forget Password,-,-,-,-,Khi validate fail
